{"cameraMode":{"drawMode":0,"name":"Shaded","section":"Shading Mode"},"sceneLighting":false,"audioPlay":false,"sceneViewState":{"showFog":true,"showMaterialUpdate":false,"showSkybox":true,"showFlares":true,"showImageEffects":true,"showParticleSystems":true},"in2DMode":false,"pivot":{"x":4.399101734161377,"y":0.10898203402757645,"z":-20.903118133544923},"rotation":{"x":-0.15473270416259767,"y":0.5131781101226807,"z":-0.09465453028678894,"w":-0.8388960957527161},"size":7.537757873535156,"orthographic":false}