{"cameraMode":{"drawMode":0,"name":"Shaded","section":"Shading Mode"},"sceneLighting":false,"audioPlay":false,"sceneViewState":{"showFog":true,"showMaterialUpdate":false,"showSkybox":false,"showFlares":true,"showImageEffects":true,"showParticleSystems":true},"in2DMode":false,"pivot":{"x":-0.013397660106420517,"y":0.7588299512863159,"z":-59.567237854003909},"rotation":{"x":-0.12622635066509248,"y":0.6839178800582886,"z":-0.12190862745046616,"w":-0.7081394791603088},"size":5.102546215057373,"orthographic":false}